WKT,name,Neighborhood,Spots,Slow,Medium,Fast,Ultra Fast,kW,X Coordinate,Y Coordinate
POINT (34.9574648 29.5602684),GasStation1,,,0,0,0,6,2100,34.9574648,29.5602684
POINT (34.955183 29.555155),GasStation2,,,0,0,0,4,1400,34.955183,29.555155
POINT (34.9631005 29.5709311),GasStation3,,,0,0,0,4,1400,34.9631005,29.5709311
POINT (34.957848 29.560524),GasStation4,,,0,0,0,4,1400,34.957848,29.560524
POINT (34.9617422 29.5701168),GasStation5,,,0,0,0,4,1400,34.9617422,29.5701168